"time";"sender";"receiver"
2652;12;21
5641;12;24
10716;15;18
15252;5;25
15739;13;11
15787;15;5
18602;1;25
19023;22;9
45223;12;21
45438;20;13
46922;4;2
47510;15;18
48449;5;6
48847;14;13
54119;6;20
59337;8;25
62718;6;24
63856;10;21
67181;20;8
67627;22;14
68576;19;7
69538;8;14
72760;21;12
77024;6;24
89198;9;16
89329;8;18
90947;24;4
91240;10;1
92154;24;25
100952;9;23
105024;9;25
109300;7;25
111063;19;17
113629;4;24
115706;20;16
116812;25;6
118348;25;9
121324;13;15
121348;3;6
123259;7;20
126481;7;16
128528;21;2
128663;12;17
132969;9;13
138473;15;10
138787;19;24
141877;22;21
142444;24;3
143669;9;21
144941;2;5
147634;22;14
147646;4;24
149552;24;7
151776;24;4
152409;8;12
153161;13;9
155748;9;23
157486;9;25
158968;12;2
159714;11;17
160730;25;9
160769;11;16
161734;22;10
163947;4;5
164040;7;4
165175;17;4
165517;6;20
165892;21;24
165948;19;4
166624;20;25
174584;2;21
177957;18;21
180706;5;4
181196;18;5
183361;12;20
186877;4;10
188458;9;14
189923;16;7
190071;14;16
190406;3;15
192463;5;22
192481;15;21
199515;14;11
201263;7;16
201825;24;22
202441;25;15
202900;14;25
203499;8;24
207106;13;21
208481;14;13
208656;14;5
210005;15;22
217805;19;9
218856;2;13
222013;21;8
223360;10;25
224621;22;21
225521;6;24
226950;13;3
232513;24;21
234860;13;24
241140;21;15
241688;7;20
241850;10;1
249722;13;25
250333;25;21
251197;3;5
257145;13;21
257464;8;4
260256;24;16
260391;21;11
263781;15;8
264149;5;18
265280;19;21
269638;23;19
273981;2;13
286566;21;12
286576;7;22
288941;15;12
292011;14;4
294836;16;22
295065;21;13
295762;17;15
296260;2;15
297051;3;24
299125;5;17
301940;21;8
303308;19;24
306321;3;8
310504;7;18
312879;20;8
313674;7;24
315529;8;5
317270;25;22
322908;25;21
323302;11;12
324522;19;18
324716;19;25
326435;13;25
326734;15;8
330657;1;25
336560;9;20
336760;20;17
338091;21;22
340776;15;22
342202;10;15
343981;25;12
345991;16;17
346514;8;21
349142;19;17
351496;9;19
353260;24;12
355639;22;13
363080;23;12
363643;25;10
363680;2;3
363831;18;3
368394;19;2
368817;9;2
369143;9;10
369730;22;15
371231;12;13
374519;25;14
379539;16;11
381232;7;24
384807;9;2
390292;14;25
391889;3;17
403037;3;17
404860;20;21
406080;12;5
409041;20;21
409166;1;19
410925;16;7
415357;4;17
415594;16;7
416186;10;2
419679;16;2
421611;21;13
422900;15;22
432283;2;7
432310;15;9
432664;12;21
435005;4;7
438664;23;1
441148;8;12
447850;13;9
448688;21;13
448714;23;14
449989;22;8
452729;5;14
458183;4;16
462797;13;21
464136;15;1
467027;14;22
468468;12;1
469337;22;13
473314;9;21
473379;10;25
475374;22;5
479143;14;25
480217;21;16
480243;21;9
482941;3;12
484345;25;21
487118;18;10
489699;8;25
490488;23;20
490765;2;22
492422;12;22
493330;20;25
494197;21;11
497095;16;19
500233;22;21
501096;17;8
502263;1;14
503256;16;4
503885;11;21
506747;20;19
508595;12;13
511028;9;21
518714;12;13
518901;10;21
519597;12;25
524135;18;20
525180;18;20
525600;NA;NA
