"stim";"sent";"race";"glasses";"tattoos";"ztrust";"trust_2nd";"afro";"zAfro";"attract";"fWHR";"zfWHR";"maturity"
528;0;1;0;0;0.101386792118118;2.645161;2.727273;1.081213;3.041667;1.714691;-1.25136;5.904762
522;0;1;0;0;1.29403856755866;2.931034;2.714286;1.032388;2.916667;1.699064;-1.374934;6.809524
21;1;-1;0;0;-1.43268997739623;3.653846;5.142857;-1.039267;2.277778;2.134556;0.374436;4.058824
452;1;-1;1;0;-1.34044016491572;2.821429;6.727273;1.000634;1.466667;2.050967;-0.027026;4.65
658;1;-1;0;0;0.45216736985572;3.033333;5.6;-0.614853;1.888889;2.415982;1.809385;3.952381
37;0;-1;0;0;0.330563022787306;3.346154;5.857143;-0.241526;2;1.80084;-1.224058;7
620;0;1;0;0;-0.824671890166332;2.677419;1.409091;-0.826036;2.55;2.09011;0.783427;5.45
565;0;-1;0;0;-0.810641250754776;2.451613;4.909091;-1.375082;3.375;2.126609;0.401424;4.55
264;1;1;0;0;1.72900662987777;2.862069;2.285714;0.430002;1.714286;2.312997;1.762488;5.857143
421;0;1;0;0;1.11260153276561;3.37931;1.235294;-1.067112;2.25;1.801282;-0.814424;6.809524
383;1;1;0;0;-0.334062821007631;2.344828;2.095238;0.141321;1.894737;2;0.287524;5.294118
29;0;-1;0;0;0.756177325498714;3.566667;5.809524;-0.30197;2.521739;2.12465;0.340549;4.904762
411;0;1;0;0;-0.0195718390959409;2.586207;1.714286;-0.395761;2.5;1.560026;-1.919695;6.35
135;0;-1;0;0;0.775789576532653;3.307692;6.333333;0.480239;2;1.943452;-0.579531;6.142857
632;0;1;1;0;0.330563022787306;2.225806;1.454545;-0.739335;3.722222;1.838542;-0.61378;6.909091
155;1;1;0;0;-0.106818265733248;2.566667;2.47619;0.670504;1.904762;2.036134;0.466319;5.235294
466;0;-1;0;0;-1.09126498332242;3.392857;6.421053;0.611231;2.2;2.280769;1.211958;2.95
580;0;-1;0;0;-0.946276237234746;2.612903;7.136364;1.546887;2.944444;2.271852;1.21543;4.95
20;1;-1;0;0;0.634572978430298;2.692308;5.761905;-0.37308;1.956522;2.195652;0.695528;6.909091
308;0;1;0;0;0.45216736985572;2.62069;1.631579;-0.512364;2.421053;1.84676;-0.56628;6.571429
484;1;1;0;0;0.171543637288074;2.678571;1.736842;-0.377451;2.541667;2.023543;0.36511;5.380952
616;0;1;0;0;-1.06787876024707;2.612903;1.631579;-0.505618;3.722222;2.042875;0.518221;5.470588
41;0;-1;0;0;-0.277455064442596;2.230769;4.941176;-1.581947;2.304348;2.072996;0.122107;5.578947
463;0;-1;0;0;-1.44204556106002;2.642857;6.684211;1.000634;1.933333;2.085221;0.137835;3.681818
665;1;-1;0;0;-0.00384665158072692;3;5.8;-0.30197;1.944444;2.147887;0.446772;3.238095
677;0;-1;0;0;0.965183143971723;2.866667;6.65;0.932756;2.888889;1.991823;-0.313682;4.55
430;0;1;0;0;0.357819892876605;1.892857;6.142857;4.166074;2.6;2.370734;2.139247;4.65
712;1;1;0;0;0.45216736985572;2.666667;2.4;0.583803;2.75;2.090524;0.809364;3.1
305;0;1;0;0;0.45216736985572;2.931034;1.294118;-0.98813;2.347826;1.963861;0.028415;6.571429
637;0;1;0;0;0.208960499774976;2.806452;1.272727;-0.999977;3.722222;1.86818;-0.42869;6.65
120;1;-1;0;0;-1.10710691042712;3.1;6.095238;0.12469;2.043478;2.364638;1.590868;4.588235
500;1;1;0;0;0.241698658401943;1.964286;2.736842;1.002231;2.75;2;0.305709;4.857143
159;1;1;0;0;-0.0479778645192598;2.633333;2.761905;0.946943;1.857143;1.980525;0.167435;5.47619
298;0;1;0;0;1.85061097694619;3.37931;1.647059;-0.49054;2;1.84676;-0.569768;6.761905
640;0;1;1;0;-0.277455064442596;4.322581;2.052632;0.071134;2.7;2.060961;0.555063;5.904762
95;0;1;1;0;0.634572978430298;1.769231;2.176471;0.275591;1.952381;2.22755;1.402848;5.421053
639;0;1;0;0;-1.97990680311997;2.032258;1.590909;-0.569702;3.722222;1.838542;-0.602221;6.95
138;0;-1;0;0;0.422747169248728;3.076923;4.333333;-2.293046;2.894737;2.351138;1.646799;5.421053
716;0;1;0;0;0.167158606457941;3.733333;4.7;3.602139;2.1;1.912047;-0.185949;4.470588
503;1;1;0;0;0.241698658401943;2.357143;2.368421;0.544132;2.083333;1.823219;-0.687199;5.714286
91;0;1;0;0;-0.459860673017174;3.461538;1.761905;-0.328625;1.777778;1.743379;-1.086777;5.631579
683;0;-1;0;0;1.93421293952417;3.2;4.52381;-2.556153;1.45;2.00303;-0.207902;4.75
370;1;1;0;0;1.04970260676084;2.172414;1.285714;-0.999977;2.210526;2.323917;1.762488;5.095238
76;0;1;0;0;0.573771716924134;2.423077;1.666667;-0.462896;2;1.596591;-1.93599;7.526316
654;1;-1;0;0;0.395165617176164;2.733333;6.35;0.551349;2.722222;2.048301;-0.027026;4.45
673;0;-1;0;0;-0.687867683735398;2.2;5.95;-0.08864;2.777778;2.092995;0.208492;4.47619
382;1;1;1;0;-0.83725240498972;2.724138;1.190476;-1.134248;2.578947;1.783596;-0.934018;7.190476
721;0;1;0;0;0.167158606457941;3.1;4.7;3.531647;2.333333;1.996053;0.19952;4.85
588;1;1;1;0;0.512968631361884;2.193548;1.5;-0.697869;1.416667;2.05065;0.51783;6.35
461;0;-1;0;0;-1.23157684960625;2.535714;6.578947;0.835788;1.933333;1.865046;-1.081393;6.55
338;1;-1;1;0;-1.51220058217389;2.862069;5.315789;-1.226398;4;1.86528;-1.081393;4.727273
180;1;1;0;0;0.83462997774664;2.4;2.095238;0.141321;1.736842;1.833451;-0.609378;5.714286
486;1;1;0;0;-1.02110813815247;3.535714;2.090909;0.141321;2.833333;1.987013;0.226313;6.190476
525;0;1;0;0;1.29403856755866;2.645161;2.714286;0.971677;1.708333;2.016955;0.36511;6.764706
445;1;-1;1;0;-1.23157684960625;3.103448;6.571429;0.906898;2.222222;2.047015;-0.011317;4.047619
468;0;-1;0;0;-1.16142000443629;3.392857;6.157895;0.218255;1.6;2.008475;-0.213152;4.190476
125;1;-1;0;0;-0.636381876659137;3.333333;5.47619;-0.696306;1.695652;1.838061;-1.188551;4.647059
659;1;-1;1;0;1.02218489665128;2.870968;6.15;0.186103;2;2.340909;1.700111;3.55
64;1;1;0;0;0.573771716924134;2.2;1.52381;-0.664301;2.5;1.723409;-1.26306;6.705882
446;1;-1;1;0;-1.23157684960625;3.392857;6.333333;0.480239;2;2.15942;0.589952;3.681818
23;0;-1;0;0;-1.43268997739623;3.384615;5.619048;-0.657519;3.043478;1.609456;-2.397404;5.263158
715;0;1;0;0;0.794177885933056;3.533333;1.6;-0.556885;2.1;1.869935;-0.42869;4.9
594;1;1;0;0;-0.095049455868016;1.870968;1.590909;-0.573471;2.125;1.838085;-0.602221;6.85
484;1;1;0;0;0.171543637288074;2.678571;1.894737;-0.158813;2.125;1.86042;-0.485876;6.7
645;0;1;0;0;0.391366108349556;3.333333;4.5;3.813615;1.95;1.598476;-2.033482;4.470588
73;1;1;1;0;1.30339415122245;2.033333;1.571429;-0.597166;3.277778;1.929324;-0.126849;6
570;0;-1;0;0;-1.25028436882165;2.741935;6.090909;0.12469;1.333333;1.929487;-0.66235;4.75
470;0;-1;0;0;-0.810641250754776;2.464286;5.631579;-0.657519;2;2.126609;0.432135;4.47619
232;1;-1;0;0;1.78980789138394;2.275862;4.52381;-2.293046;2.571429;1.788949;-1.425598;5.809524
698;1;1;0;0;1.42119716540817;2.966667;2;0.00705;1.8;2.044838;0.515477;6.9
506;1;1;0;0;-0.179236940449528;3.25;2.090909;0.141321;1.666667;2.173913;1.3597;6
514;0;1;0;0;0.45216736985572;3.285714;1.842105;-0.215556;1.75;2.203093;1.384684;5.666667
89;0;1;0;0;0.816978587004878;3.307692;1.619048;-0.530031;2.142857;1.596545;-1.93599;6.947368
695;1;1;0;0;1.07918664933084;3.033333;2.4;0.583803;2;2.059912;0.566036;5.470588
265;1;1;0;0;-0.33825632594876;3.827586;1.588235;-0.573471;1.952381;2.090802;0.809364;4.666667
118;1;-1;0;0;0.128545163178787;3.384615;5.952381;-0.096125;1.695652;1.691641;-2.054708;4.647059
212;0;1;1;0;-2.28391675876296;2.733333;1.47619;-0.731437;1.952381;1.658022;-1.668267;6.823529
278;1;1;1;1;-0.763870628660168;2.896552;1.411765;-0.798572;2.190476;1.793478;-0.808997;6.380952
677;0;-1;0;0;-0.630865931055842;3.133333;5.8;-0.30197;2.222222;1.994488;-0.32544;3.85
516;0;1;0;0;-0.600172539300997;2.178571;2;0.00705;2;1.974929;0.136714;5.65
167;1;1;0;0;1.30535501151463;2.233333;1.571429;-0.597166;2.142857;2.083333;0.716892;5.705882
549;1;-1;1;0;-1.79750119454539;3.275862;6.136364;0.1958;2.4;2.209596;0.773764;4.571429
738;0;1;0;0;-0.23185366229895;3;1.8;-0.289758;2.9;1.827454;-0.671987;5.15
624;0;1;0;0;0.938582934073292;2.419355;3;1.416889;1.9;1.918614;-0.139094;6.8
675;0;-1;0;0;0.851179638612611;3.566667;5.55;-0.799739;2.333333;2.064322;0.042729;4.65
452;1;-1;0;0;0.391366108349556;2.678571;6;-0.01753;2.266667;2.11613;0.208492;4.6
534;0;1;0;0;0.101386792118118;2.821429;2.315789;0.476997;2.041667;2.176779;1.315802;5.904762
234;1;-1;0;0;1.97221349995851;2.862069;3.761905;-3.288585;1.5;2.225577;1.071969;4.666667
336;1;-1;1;0;-1.90652502679042;3.928571;4.764706;-1.937497;1.73913;1.702247;-1.299247;4.882353
733;0;1;0;0;0.224160359137497;3.733333;1.8;-0.274917;2.7;1.751401;-1.086777;5.95
74;1;1;1;0;1.30339415122245;2.033333;1.52381;-0.656403;2;1.900234;-0.252536;6
733;0;1;0;0;0.338163864496608;3.1;1.4;-0.822266;2.2;1.823205;-0.695248;5.3
145;0;-1;0;0;-0.401020271803185;3.4;6.333333;0.480239;1.521739;1.634872;-1.906465;4.647059
160;1;1;0;0;1.30535501151463;2.033333;1.809524;-0.26149;2.190476;1.974359;0.132309;6.333333
579;0;-1;0;0;-2.77033232298054;2.032258;4.909091;-1.598679;1.75;2.067424;0.118979;3.095238
194;0;1;0;0;-0.0479778645192598;4.233333;1.571429;-0.597166;1.952381;1.928066;-0.1235;4.764706
61;1;1;0;0;0.391366108349556;3.192308;2.047619;0.081252;2.5;2.25942;1.71302;6.105263
329;1;-1;0;0;-0.963048432943179;2.62069;6.190476;0.266909;2.866667;2.039157;-0.075211;5.045455
402;0;1;0;0;-2.28391675876296;2.724138;1.52381;-0.664301;2.105263;1.89749;-0.290958;5.909091
548;1;-1;1;1;-1.55429432446465;2.806452;6.136364;0.186103;3.333333;2.247523;0.966501;3.8
248;0;-1;0;0;2.21542219409534;2.827586;4.470588;-2.406822;2.347826;1.882433;-0.854604;4.55
27;0;-1;0;0;-0.885473151672496;3.115385;6.52381;0.764679;2.521739;1.925926;-0.70243;5.473684
416;0;1;0;0;-1.52913511887396;3.137931;2.47619;0.611267;1.733333;1.928066;-0.126849;6.318182
3;1;-1;0;0;-0.095049455868016;2.846154;5.47619;-0.689518;2.173913;1.854895;-1.027425;5.947368
153;1;1;0;0;-0.33825632594876;2.666667;1.571429;-0.597166;1.857143;1.86042;-0.492325;6.842105
343;1;-1;1;0;-1.51220058217389;2.62069;5.315789;-1.335154;3.666667;1.702247;-1.915752;5.590909
220;1;-1;0;0;0.573771716924134;3.172414;6.333333;0.454041;1.608696;2.195652;0.695528;6.823529
418;0;1;0;0;-1.34044016491572;3.321429;1.380952;-0.909345;2.083333;1.801282;-0.820151;6.823529
413;0;1;0;0;-0.0195718390959409;2.551724;1.941176;-0.067152;1.916667;1.945932;-0.040928;5.857143
730;0;1;0;0;-0.174851909619395;3;2.6;0.993937;2.5;1.980769;0.166099;3.45
379;1;1;0;0;-0.522759599021946;3.172414;1.761905;-0.345409;1.368421;1.578785;-2.046101;6.545455
414;0;1;1;0;0.483615920830064;2.586207;1.666667;-0.462896;1.894737;2.22755;1.45617;5.25
741;0;1;1;0;-0.459860673017174;3.733333;2.3;0.476997;1.8;2.394231;2.550283;5.95
481;1;1;0;0;0.171543637288074;2.821429;2.157895;0.199301;2.583333;2.002703;0.284516;5.666667
490;1;1;0;0;-0.179236940449528;2.75;1.894737;-0.141354;2.166667;1.712888;-1.516177;5.857143
78;0;1;0;0;0.816978587004878;2.076923;1.571429;-0.597166;1.952381;1.93617;-0.100578;6.210526
442;1;-1;0;0;-0.670329384470952;3.142857;6.894737;1.404667;3.066667;2.271852;1.118497;3.75
71;1;1;1;0;1.06018545708562;2.038462;1.571429;-0.597166;3.833333;2.090524;0.779113;5.095238
226;1;-1;0;0;1.78980789138394;2.344828;5.714286;-0.444189;1.73913;1.935641;-0.620694;5.9
311;0;1;0;0;1.36419541272861;3.448276;1.529412;-0.656403;2.421053;1.909639;-0.185949;6.666667
236;1;-1;0;0;1.72900662987777;2.551724;4.470588;-2.389254;2;2.08266;0.167524;4.285714
682;0;-1;0;0;0.395165617176164;3.333333;4.3;-2.293046;2.05;2.170487;0.572007;3.75
408;0;1;1;0;-0.963048432943179;2.689655;1;-1.134248;1.789474;1.779802;-0.881194;6.227273
676;0;-1;0;0;0.566170875214832;3.866667;4.4;-1.862204;2.55;2.387822;1.590868;4
676;0;-1;0;0;0.851179638612611;3.3;5.9;-0.193213;1.666667;1.97619;-0.464009;3.904762
3;1;-1;0;0;-0.095049455868016;2.846154;5.714286;-0.444189;2;2.324011;1.474081;4.235294
299;0;1;0;0;-0.034248194361852;3.034483;1.470588;-0.739335;1.857143;1.706377;-1.360824;7.333333
241;0;-1;0;0;-0.095049455868016;3.827586;6.647059;0.932756;1.652174;1.986629;-0.302352;3.952381
543;1;-1;0;0;0.101386792118118;2.354839;6.190476;0.245995;2.266667;2.191509;0.743084;4.666667
375;1;1;0;0;-0.83725240498972;3;1.894737;-0.141354;1.947368;1.578785;-2.136188;4.52381
58;1;1;1;0;0.0265548912003981;2.846154;1.952381;-0.060085;1.555556;1.955367;0.07994;4.368421
324;0;1;0;0;0.86100765280261;3.448276;1.285714;-0.999977;2.173913;1.651515;-1.560251;7.136364
237;1;-1;0;0;-0.21665380293643;3.034483;6.647059;0.948728;1.826087;2.029135;-0.075211;5.368421
686;0;-1;0;0;-0.402858920337618;3.3;5.8;-0.30197;2.055556;1.686917;-1.985538;4.35
60;1;1;1;0;0.330563022787306;3.038462;1.952381;-0.057033;2.666667;2.25942;1.641508;5.631579
534;0;1;0;0;0.241698658401943;2.516129;1.863636;-0.1852;1.833333;2.222782;1.45617;5.761905
86;0;1;0;0;-0.520661934523338;3.192308;1.947368;-0.067152;2.166667;1.867944;-0.420803;6.318182
247;0;-1;0;0;0.45216736985572;3.103448;5.882353;-0.166861;3.466667;2.327273;1.328317;3.952381
687;1;1;0;1;1.13618840201039;2.4;4.95;3.498079;2.75;2.061538;0.579046;4.85
272;1;1;0;0;0.695374239936464;3.310345;1.588235;-0.573471;1.5;1.829207;-0.695174;7.619048
187;0;1;0;0;-0.165658666947236;3.666667;1.666667;-0.462896;2.095238;1.979822;0.161744;5.25
8;1;-1;1;0;-0.577541475445148;2.846154;3.809524;-2.648596;3.166667;2.324011;1.329076;5.823529
273;1;1;0;0;0.999384195579456;3.37931;1.529412;-0.664301;1.947368;1.948529;-0.028105;7.047619
202;0;1;0;0;0.83462997774664;3.866667;1.571429;-0.597166;1.857143;1.979469;0.160314;6.333333
350;0;-1;0;0;-0.585658525026717;3;5.882353;-0.193213;1.733333;2.076828;0.103104;5.227273
170;1;1;0;0;0.9523126042307;2.5;1.809524;-0.26149;1.809524;2.030057;0.437294;6
78;0;1;1;0;0.330563022787306;2.307692;1.47619;-0.731437;1.809524;1.840196;-0.602604;5.882353
392;1;1;0;0;1.80448424664985;2.310345;1.882353;-0.141354;1.473684;1.829207;-0.693945;5.809524
187;0;1;0;0;0.0108643607508133;2.933333;1.52381;-0.664301;2.619048;1.867944;-0.422528;5.578947
105;0;1;0;0;0.330563022787306;2.6;2.380952;0.526465;1.952381;1.93617;-0.100578;6.352941
64;1;1;0;0;-0.21665380293643;2.807692;1.47619;-0.731437;1.952381;2.031725;0.443824;4.666667
575;0;-1;0;0;-0.277455064442596;3.321429;6.954545;1.387936;2.055556;2.288128;1.211958;4.1
47;1;1;0;0;-0.520661934523338;3.538462;1.333333;-0.932842;2.695652;2.108592;0.877123;6.5
476;1;1;1;0;0.171543637288074;2.357143;1.142857;-1.201383;2.541667;2.023543;0.370496;6.047619
159;1;1;0;0;1.59955701758457;2.033333;1.857143;-0.194355;1.761905;2.164298;1.143091;5.380952
386;1;1;0;0;-0.648555626975405;2.827586;1.857143;-0.194355;1.894737;1.890223;-0.328319;5.181818
551;1;-1;0;0;-0.034248194361852;2.290323;5.285714;-1.226398;2;2.340909;1.568787;5.571429
724;0;1;1;0;1.13618840201039;2.766667;2.4;0.570986;2.1;2.032377;0.418755;5.15
257;0;-1;0;0;-0.15585071737418;3.275862;5.882353;-0.193213;1.533333;2.076828;0.119537;4.428571
76;0;1;0;0;0.148157414212726;2.538462;2.904762;1.416889;2.380952;1.816262;-0.767289;7
569;0;-1;0;0;-1.79750119454539;2.612903;7.045455;1.543655;2.466667;1.879678;-0.874929;6.52381
607;1;1;0;0;0.391366108349556;2.193548;1.5;-0.697869;2.6;1.851111;-0.584866;7.318182
232;1;-1;0;0;-0.034248194361852;3.689655;7.117647;1.611533;1.826087;2.076008;0.119537;5
480;1;1;1;0;-2.42422862504679;3.677419;1.47619;-0.731437;2.666667;1.777426;-0.962954;5.619048
661;1;-1;1;0;0.566170875214832;3.166667;6.25;0.338019;1.466667;2.022388;-0.233819;5.15
497;1;1;0;0;0.943259813877144;2.464286;2.526316;0.749071;2.083333;2.094203;0.788499;4.380952
334;1;-1;0;0;0.483615920830064;2.137931;6.636364;0.925611;2.2;2.384025;1.671316;5.380952
148;0;-1;0;0;-0.930585706785161;2.6;6.095238;0.12469;1.913043;1.858456;-1.046188;5.052632
580;0;-1;1;0;-3.54672537937346;2.709677;5.545455;-0.799739;2.722222;2.075835;0.08486;2.647059
174;1;1;1;0;0.363906768034739;2.833333;1.809524;-0.249284;2.333333;2.002703;0.34292;5.75
352;0;-1;0;0;-1.52913511887396;2.586207;5.882353;-0.193213;1.6;2.075835;0.103104;4.571429
304;0;1;0;0;-0.15585071737418;2.931034;1.380952;-0.865707;1.571429;2.132035;0.950273;6.65
277;1;1;0;0;1.66820536837161;2.758621;1.764706;-0.328625;1.842105;2.032256;0.437299;5.428571
705;1;1;0;0;0.509169122535276;2.966667;1.590909;-0.569702;2.2;1.712888;-1.404408;6
192;0;1;0;0;1.12883380787266;3.137931;2.333333;0.476997;2.210526;1.82392;-0.695248;6.809524
36;0;-1;0;0;-0.277455064442596;2.230769;4.941176;-1.510838;3.166667;2.072996;0.083627;4.526316
480;1;1;0;0;0.171543637288074;2.392857;2.368421;0.519719;2.083333;2.036134;0.475539;5.6
466;0;-1;0;0;-1.58235742734385;3.392857;6.368421;0.505127;2.2;2.208333;0.816272;3.681818
651;1;-1;0;0;1.02218489665128;2.766667;6.409091;0.611231;2.733333;2.102597;0.3107;4.9
660;1;-1;0;0;0.566170875214832;2.966667;5.8;-0.30197;2.444444;2.31952;1.329076;4.75
329;1;-1;0;0;1.48999326473816;2.172414;6.52381;0.803789;3.8;1.891252;-0.911606;6.238095
421;0;1;0;0;-1.27754123891095;3.103448;2.294118;0.430002;2.625;1.673267;-1.517417;6.227273
727;0;1;1;0;0.281162111817053;3.066667;1.95;-0.060085;2.5;1.74247;-1.086777;5.15
449;1;-1;0;0;-0.095049455868016;2.071429;6.5;0.729124;1.733333;2.396148;1.969068;5.6
50;1;1;1;0;0.391366108349556;3.038462;1.952381;-0.057033;2.166667;1.751404;-1.136285;6.411765
181;1;1;0;0;-0.401020271803185;3.033333;2.47619;0.611267;1.73913;1.883884;-0.361754;5.681818
297;0;1;0;0;0.391366108349556;2.931034;1.529412;-0.656403;2.428571;1.84676;-0.543573;7.428571
553;1;-1;0;0;-0.277455064442596;2.387097;6.363636;0.505127;1.888889;1.993342;-0.315693;5.095238
730;0;1;0;0;1.53520067076728;2.833333;1.7;-0.407608;1.7;1.918614;-0.176622;6.6
712;1;1;0;0;1.53520067076728;2.666667;2.55;0.71197;1.55;1.99368;0.20162;4.25
574;0;-1;0;0;0.573771716924134;4.357143;4.764706;-2.389254;1.833333;1.895785;-0.821664;5.9
544;1;-1;0;0;-0.034248194361852;2.387097;6.636364;0.932756;1.722222;2.254464;0.966501;5.6
345;1;-1;1;0;-0.74048440558482;2.62069;6.571429;0.906898;4.4;2.15942;0.535003;6.090909
168;1;1;0;0;0.9523126042307;2.033333;1.380952;-0.865707;1.52381;1.829207;-0.695248;6
723;0;1;0;0;0.338163864496608;2.766667;4.95;4.166074;2.5;1.789243;-0.933871;4.470588
710;1;1;0;0;0.45216736985572;3.033333;1.5;-0.697869;2.85;1.91256;-0.191312;3.3
33;0;-1;0;0;0.269761761281142;2.730769;5.571429;-0.586409;2.782609;1.763298;-1.594435;5.736842
576;0;-1;0;0;-0.459860673017174;2.741935;7.090909;1.711563;1.944444;2.088831;0.142089;4.15
196;0;1;0;0;0.716949175318664;3.033333;2.380952;0.526465;2;1.838889;-0.611279;6.235294
183;1;1;0;0;1.12883380787266;3.068966;1.588235;-0.573471;1.809524;2.192281;1.294765;6.52381
384;1;1;0;0;-1.02594735894795;3.103448;1.190476;-1.134248;1.526316;1.906205;-0.247411;5.380952
678;0;-1;0;0;0.224160359137497;3.3;4.3;-1.850226;2.1;2.280853;1.197977;3.75
300;0;1;0;0;1.85061097694619;2.1;1.545455;-0.633785;3.157895;2.198529;1.3597;5.882353
63;1;1;1;0;0.148157414212726;3.076923;1.705882;-0.438162;1.5;1.648728;-1.668267;6.631579
664;1;-1;0;0;0.908181391292167;3.033333;5.6;-0.614853;2.666667;2.421649;1.805971;4.6
716;0;1;1;0;0.965183143971723;2.633333;4.7;5.231747;2.45;1.827879;-0.693945;6.05
419;0;1;0;0;-1.40333726686441;2.896552;1.631579;-0.505618;1.958333;2.050461;0.530711;4.7
337;1;-1;0;0;-0.774353478984948;2.758621;6.095238;0.12469;1.733333;2.247523;0.993197;5.227273
652;1;-1;0;0;1.13618840201039;3.233333;6.35;0.505127;2.722222;2.31952;1.402026;4.8
77;0;1;1;0;0.816978587004878;2.692308;1.571429;-0.597166;1.947368;1.93617;-0.081979;6.526316
443;1;-1;0;0;-0.0389250741657034;2.321429;6.090909;0.12469;1.733333;2.415982;2.019265;4.45
351;0;-1;0;0;-2.22101783275819;3.241379;6.666667;0.978008;1.933333;1.91791;-0.714126;5.058824
285;1;1;0;0;1.60740228280936;2.172414;2.666667;0.971677;2.210526;2.043987;0.507471;6.764706
538;0;1;0;0;-1.72266929362767;2.741935;1.619048;-0.556885;1.833333;2.127497;0.995632;4.05
552;1;-1;0;0;0.0873561527065622;2.354839;6.315789;0.480239;2.266667;2.370734;1.700111;5.35
203;0;1;0;0;-0.401020271803185;3;4.714286;5.84781;1.631579;1.872015;-0.450299;4.470588
6;1;-1;0;0;-0.095049455868016;2.884615;6.380952;0.551349;2.173913;2.324011;1.402026;3.411765
546;1;-1;0;0;-0.885473151672496;2.967742;6.45;0.654458;2.722222;2.006942;-0.233819;5.761905
288;1;1;0;0;0.816978587004878;2.689655;1.588235;-0.573471;1.578947;1.626709;-1.772014;6.571429
212;0;1;1;0;0.83462997774664;3.866667;1.761905;-0.313367;1.428571;1.827839;-0.6589;6.380952
378;1;1;0;0;-0.900149506938407;2.931034;1.894737;-0.158813;2.052632;1.619688;-1.738511;4.52381
147;0;-1;0;0;-0.695222277873126;3.133333;5.761905;-0.356918;1.73913;1.609456;-1.906955;5.190476
217;1;-1;0;0;-0.763870628660168;2.3;4.941176;-1.510838;1.333333;2.130735;0.385619;4.714286
698;1;1;0;0;1.87721118684462;2.4;2.85;1.416889;1.9;2.246032;1.619781;5.7
583;1;1;0;0;-1.12868184580932;2.225806;1.363636;-0.865707;1.416667;1.981719;0.161744;3.619048
739;0;1;1;0;0.7371761332535;1.6;3.15;1.551159;2.35;2.135582;1.010678;4.85
258;0;-1;0;0;-0.33825632594876;3.62069;5.809524;-0.30197;2.8;1.887395;-0.874929;5.666667
688;1;1;0;0;1.64920417612639;2.3;2.3;0.430002;1.7;2.115942;0.878236;5.857143
561;1;-1;0;0;0.224160359137497;2.290323;5.772727;-0.37308;1.555556;2.291315;1.211958;5.571429
203;0;1;0;0;0.716949175318664;2.8;1.52381;-0.656403;2.47619;1.838889;-0.602604;6.470588
716;0;1;0;0;0.167158606457941;3;2.4;0.570986;2.2;1.735998;-1.168553;6
603;1;1;0;0;0.391366108349556;2.258065;2.045455;0.081252;2.458333;2.22563;1.385005;6.45
625;0;1;1;0;0.391366108349556;2.225806;1.894737;-0.141354;2;1.869935;-0.450299;6.842105
623;0;1;0;0;-1.06787876024707;3.516129;1.842105;-0.215556;2.45;2.042875;0.51783;4.363636
318;0;1;1;0;0.269761761281142;3.62069;1.761905;-0.313367;1.428571;2.026254;0.443824;6
176;1;1;0;0;-1.16594731164111;3.933333;1.176471;-1.134248;1.952381;2.070031;0.632008;5.095238
155;1;1;1;0;0.83462997774664;2.538462;2.190476;0.275591;2;2.046537;0.507471;5.058824
572;0;-1;0;0;-0.39905941151101;2.857143;6.454545;0.654458;2.555556;1.888506;-0.955976;5.761905
517;0;1;1;1;1.29403856755866;3.37931;1.590909;-0.573471;1.875;1.905745;-0.25664;6.181818
82;0;1;1;0;0.330563022787306;3.153846;2.47619;0.678402;1.952381;2.016873;0.401628;6.526316
237;1;-1;1;0;1.42499667423478;2.482759;7;1.711563;1.956522;2.155675;0.593827;4.238095
44;1;1;1;0;1.06018545708562;2.038462;1.428571;-0.798572;2.166667;1.751404;-1.106981;6
452;1;-1;0;0;-0.109080095279572;2.321429;6.210526;0.29685;1.733333;2.396148;2.019265;5.35
21;1;-1;0;0;-1.43268997739623;3.692308;5.619048;-0.586409;3.043478;2.073874;0.119537;3.095238
302;0;1;0;0;-0.095049455868016;2.62069;2.684211;0.852954;1.73913;1.784756;-0.903591;6.409091
172;1;1;1;0;0.9523126042307;2.033333;1.714286;-0.395761;2.52381;1.695223;-1.516177;6.705882
303;0;1;0;0;1.85061097694619;2.366667;3.764706;2.50631;1.952381;2.355904;2.139247;5.142857
318;0;1;0;0;-0.946276237234746;2.689655;1.238095;-1.067112;2.761905;1.651515;-1.650533;6.6
5;1;-1;0;0;-0.095049455868016;2.615385;5.857143;-0.241526;2;1.854895;-0.991463;5.947368
347;0;-1;0;0;-2.22101783275819;2.827586;6.666667;1.004207;4.4;2.135436;0.382348;4.863636
737;0;1;0;0;1.53520067076728;3.2;1.65;-0.486393;1.95;2.081124;0.728987;5.75
676;0;-1;0;0;0.395165617176164;2.866667;5;-1.510838;2.45;1.882433;-0.874929;4.2
572;0;-1;0;0;-0.277455064442596;2.83871;7.090909;1.827144;2.277778;2.155675;0.572007;5.6
637;0;1;1;0;-2.58792671440596;3.322581;1.842105;-0.215556;1.791667;1.869935;-0.420803;6.105263
555;1;-1;0;0;1.12098854264787;2.137931;6.52381;0.764679;2;2.34594;1.671316;5.6
158;1;1;0;0;0.246225965606763;2.4;2.761905;0.897475;1.666667;2.230173;1.518592;5.55
428;0;1;0;0;-0.1453678670494;2.857143;1.631579;-0.512364;2.625;1.673267;-1.389366;6.136364
468;0;-1;0;0;-1.09126498332242;3.392857;6.157895;0.1958;1.944444;2.162036;0.558523;4
322;0;1;1;0;-0.763870628660168;3.62069;1.380952;-0.89012;1.631579;1.93794;-0.067063;6.6
121;1;-1;0;0;0.363906768034739;3.2;5.47619;-0.799739;2.304348;2.125988;0.375186;5.058824
445;1;-1;1;0;-0.74048440558482;2.464286;5.631579;-0.586409;2.5;2.067424;0.103104;4.45
241;0;-1;0;0;0.208960499774976;3.62069;6.588235;0.835788;1.869565;2.118056;0.340549;4.428571
735;0;1;0;0;-0.174851909619395;3.3;1.95;-0.060085;2.05;1.918614;-0.138775;4.15
291;1;1;0;0;-1.06787876024707;3.965517;1.823529;-0.215556;2.263158;1.6667;-1.560251;6.761905
480;1;1;1;0;0.171543637288074;2.392857;2.368421;0.544132;2.083333;1.961569;0.07121;4.857143
421;0;1;0;0;0.986803680756069;2.137931;4.047619;2.246206;1.958333;2.113492;0.866585;4.809524
709;1;1;0;0;1.42119716540817;2.866667;2;0.00705;1.85;2.059912;0.598084;3.3
561;1;-1;0;0;-0.520661934523338;2.451613;6.636364;0.932756;1.733333;2.029135;-0.078876;4.619048
290;1;1;0;0;1.2425910656602;3.206897;2.047619;0.071134;1.894737;2.059912;0.566036;4.6
444;1;-1;0;0;-0.0389250741657034;2.678571;6.578947;0.906898;1.8;2.495763;2.619236;5.25
557;1;-1;0;0;-0.520661934523338;2.741935;6;-0.01753;1.933333;2.027853;-0.064994;5.4
433;1;-1;0;0;-1.02110813815247;3;6.842105;1.177116;1.8;2.319492;1.411615;2.95
597;1;1;0;0;-0.763870628660168;2.322581;1.954545;-0.060085;2.416667;2.369231;2.294311;5.666667
182;1;1;0;0;-1.16594731164111;3.866667;1.529412;-0.656403;2.095238;2;0.272726;4.363636
577;0;-1;0;0;-0.277455064442596;2.83871;6.681818;1.068512;1.944444;2.085221;0.187656;6.1
54;1;1;0;0;0.756177325498714;2.538462;2.142857;0.208456;2.055556;2.044337;0.515477;6.526316
28;0;-1;0;0;0.269761761281142;3.5;5.428571;-0.960672;2.652174;1.877907;-0.955976;5.157895
652;1;-1;0;0;0.794177885933056;3.166667;6.2;0.245995;2.777778;2.31952;1.328317;3.238095
225;1;-1;0;0;0.938582934073292;3.517241;5.882353;-0.193213;2.043478;2.170487;0.558014;5.636364
239;0;-1;0;0;0.634572978430298;3.689655;6.647059;0.948728;2.73913;2.218698;0.827558;5.894737
81;0;1;0;0;-0.034248194361852;2.307692;1.571429;-0.597166;3.190476;2.105047;0.911491;5.909091
669;0;-1;0;0;0.281162111817053;3.533333;5.85;-0.241526;2.388889;2.064322;0.042729;3.904762
226;1;-1;0;0;1.78980789138394;2.413793;5.714286;-0.410506;1.956522;2.035434;-0.075211;4.809524
551;1;-1;0;0;-0.703067543097918;2.451613;6.315789;0.480239;2.666667;2.112391;0.3107;4.714286
324;0;1;0;0;0.330563022787306;3.517241;1.647059;-0.486393;1.684211;1.763636;-1.048856;6.636364
372;1;1;0;0;1.04970260676084;2.419355;1.333333;-0.932842;1.666667;2.032256;0.425884;5.947368
588;1;1;1;0;-0.095049455868016;2.064516;1.772727;-0.328625;1.916667;1.767606;-0.945824;7.190476
560;1;-1;0;0;-0.946276237234746;2.806452;7;1.67941;2.666667;1.904882;-0.801084;6.2
674;0;-1;0;0;0.566170875214832;3.866667;5.9;-0.166861;3;1.890546;-0.901074;4.2
137;0;-1;0;0;-2.16623595633499;3.4;5.714286;-0.444189;2.130435;2.150246;0.497749;4.058824
98;0;1;0;0;0.45216736985572;1.769231;2.095238;0.141321;2.238095;2.134783;1.055329;5.421053
241;0;-1;0;0;-0.21665380293643;3.62069;6.647059;0.932756;2.2;1.91791;-0.686663;5.190476
320;0;1;0;0;0.330563022787306;2.931034;1.529412;-0.656403;2.105263;1.86663;-0.45772;6.85
594;1;1;0;0;0.269761761281142;2.258065;1.590909;-0.569702;2;1.823219;-0.695248;6
468;0;-1;0;0;-1.09126498332242;3.142857;6.105263;0.13966;2.777778;1.888506;-0.854604;5
536;0;1;0;0;-0.670329384470952;2.806452;1.947368;-0.067152;1.791667;2.016955;0.401628;5.363636
465;0;-1;0;0;-1.16142000443629;2.535714;6.157895;0.218255;2.266667;2.280769;1.275957;3.9
58;1;1;0;0;0.330563022787306;3.115385;1.705882;-0.407608;1.555556;1.897204;-0.288527;6.526316
440;1;-1;0;0;-1.51220058217389;3;6.105263;0.13966;2.666667;2.333165;1.44303;3.8
522;0;1;0;0;-0.459860673017174;2.83871;2;0.00705;2;2.12375;0.9552;5.818182
650;1;-1;0;0;0.395165617176164;3.066667;6.545455;0.768421;3.388889;2.143738;0.497749;3.904762
728;0;1;1;0;-0.00384665158072692;2.4;1.65;-0.486393;1.777778;1.871891;-0.422528;5.85
319;0;1;0;0;0.86100765280261;3.344828;1.705882;-0.407608;2.105263;1.742652;-1.137284;6.761905
513;0;1;0;0;-0.0389250741657034;2.827586;1.714286;-0.395761;1.75;1.632659;-1.738511;5.909091
710;1;1;0;0;1.42119716540817;2.966667;1.35;-0.865707;1.75;1.972598;0.135458;5.4
10;1;-1;1;0;-1.3110874543839;3.346154;5.619048;-0.586409;2.608696;2.025808;-0.103525;3.095238
389;1;1;0;0;0.923906578807381;2.862069;1.190476;-1.201383;2.105263;2.035359;0.495918;4.954545
79;0;1;0;0;0.573771716924134;3.269231;1.619048;-0.530031;2.238095;1.537853;-2.033482;6.947368
559;1;-1;0;0;-0.581465020085588;2.387097;6.636364;0.925611;3.066667;2.112391;0.27506;4.619048
70;1;1;0;0;1.12098854264787;2.461538;2.095238;0.141321;1.833333;2.176948;1.241539;4.368421
474;0;-1;0;0;-1.25028436882165;3.142857;6.736842;0.978008;2.444444;2.080394;0.149289;4.047619
84;0;1;1;0;0.816978587004878;2.333333;1.571429;-0.597166;1.952381;2.098014;0.783427;5.842105
584;1;1;0;0;-0.39905941151101;2.193548;1.363636;-0.865707;1.583333;2.272096;1.986426;6.3
670;0;-1;0;0;-0.00384665158072692;3;6.25;0.333836;2.666667;1.962905;-0.407016;4.85
647;0;1;0;0;-1.97990680311997;2.16129;1.818182;-0.26149;2.3;1.975158;0.138188;5.65
317;0;1;0;0;-0.642266281591752;3.62069;1.529412;-0.656403;1.842105;1.721635;-1.25136;6.363636
28;0;-1;0;0;0.634572978430298;3.566667;6.095238;0.118225;2;2.116241;0.316501;5.863636
372;1;1;0;0;0.294920966871833;2.310345;1.52381;-0.656403;2.157895;1.980525;0.16225;6.294118
182;1;1;0;0;-1.16594731164111;3.066667;1.411765;-0.826036;2.142857;1.866588;-0.420803;5.235294
662;1;-1;0;0;0.509169122535276;2.666667;6.15;0.218255;2.5;2.163337;0.558014;4.85
95;0;1;1;0;-0.277455064442596;2.346154;1.842105;-0.215556;1.904762;1.779802;-0.905762;7.105263
164;1;1;0;0;0.540427971676702;2.2;1.428571;-0.826036;1.952381;2.06338;0.656156;5.842105
384;1;1;1;0;-0.334062821007631;2.827586;1.857143;-0.1852;1.894737;1.86042;-0.485876;7.136364
122;1;-1;0;0;-0.224499068161223;2.6;5.142857;-1.035694;2.285714;1.926967;-0.704443;4.909091
356;0;-1;0;0;-1.46623619286918;2.758621;5.47619;-0.799739;3.111111;1.862637;-1.00539;5.409091
664;1;-1;0;0;0.566170875214832;3.4;6.7;0.978008;2;2.280853;1.242122;4
248;0;-1;0;0;0.695374239936464;3.965517;4.631579;-2.389254;3.066667;2.252232;1.04328;6.909091
431;0;1;0;0;1.11260153276561;2.931034;1.52381;-0.656403;2.789474;1.86663;-0.450299;6.35
513;0;1;0;0;-1.16142000443629;2.214286;2.631579;0.852954;2.916667;1.719498;-1.25136;6
322;0;1;0;0;1.36419541272861;3.172414;2.428571;0.678402;1.894737;1.93617;-0.07675;7.176471
620;0;1;0;0;0.0873561527065622;2.483871;2.727273;0.993937;2.3;1.735518;-1.168553;6.409091
660;1;-1;0;0;0.908181391292167;3.033333;5.8;-0.30197;2.722222;2.1861;0.668786;4.5
16;1;-1;0;0;0.330563022787306;3.230769;5.857143;-0.253316;2;2.095933;0.330985;4
610;1;1;0;0;-0.520661934523338;2.709677;2.136364;0.208456;3.15;1.770884;-0.999663;5.333333
670;0;-1;0;0;-0.687867683735398;2.966667;6.65;0.932756;2.555556;1.888506;-0.918399;4.4
277;1;1;0;0;1.97221349995851;2.448276;2.380952;0.504641;1.619048;2.355134;2.166792;6.045455
179;1;1;1;0;0.83462997774664;2.333333;2.380952;0.519719;2.190476;2.063538;0.620603;6.529412
513;0;1;1;0;-1.09126498332242;2.392857;3;1.416889;1.875;1.736759;-1.219576;6.190476
558;1;-1;0;0;0.0873561527065622;2.290323;5.090909;-1.581947;1.722222;2.254464;1.022785;4.6
717;0;1;0;0;0.965183143971723;1.6;1.65;-0.486393;2.45;2.012821;0.305709;6.65
680;0;-1;0;0;0.851179638612611;2.866667;5;-1.598679;1.75;2.495763;2.060472;4.8
141;0;-1;1;0;-1.98971475269302;3.133333;6.333333;0.480239;2;2.164935;0.616838;5.190476
373;1;1;0;0;-0.459860673017174;2.482759;1.333333;-0.932842;1.428571;2.070031;0.619741;5.333333
231;1;-1;0;0;-0.642266281591752;3.758621;4.588235;-2.577486;1.380952;2.138213;0.497749;4.714286
101;0;1;1;0;-0.277455064442596;2.633333;4.809524;4.166074;2.285714;1.800382;-0.814424;6.411765
518;0;1;1;1;-0.0389250741657034;2.75;1.941176;-0.067152;2.5;1.820455;-0.7843;7
221;1;-1;0;0;1.4230358139426;2.413793;4.285714;-1.862204;1.666667;2.195652;0.64587;4.809524
526;0;1;0;0;-0.179236940449528;3.064516;2.904762;1.205413;2.916667;1.699064;-1.334896;4.409091
678;0;-1;0;0;0.965183143971723;2.866667;5;-1.375082;1.95;2.34594;1.746392;4.8
454;0;-1;0;0;-0.83725240498972;2.571429;6.789474;1.124411;2.133333;2.135436;0.432906;3.428571
215;0;1;0;0;0.695374239936464;2.8;2.470588;0.647886;2.315789;1.909639;-0.185949;6.772727
274;1;1;0;0;0.391366108349556;3.482759;1.333333;-0.954203;2.842105;2.419718;2.657582;6.619048
143;0;-1;0;0;-0.930585706785161;3.433333;5.238095;-1.084178;2.043478;2.04918;-0.022393;5.809524
99;0;1;0;0;0.330563022787306;3.2;2.47619;0.678402;2.428571;1.727596;-1.220491;6
493;1;1;0;0;-0.0389250741657034;2.785714;1.631579;-0.512364;1.541667;1.648728;-1.609169;6.545455
184;0;1;0;0;0.540427971676702;2.115385;1.47619;-0.731437;2.052632;1.631434;-1.738511;6.117647
442;1;-1;0;0;-0.670329384470952;3.178571;6.105263;0.158153;1.8;2.209596;0.855811;3.238095
84;0;1;0;0;1.66820536837161;2.333333;2.380952;0.544132;1.571429;1.810047;-0.745086;5.409091
424;0;1;0;0;-0.83725240498972;3.357143;1.842105;-0.215556;2.25;1.765141;-1.021395;6.809524
485;1;1;0;0;0.171543637288074;2.607143;1.789474;-0.274917;3.041667;2.051567;0.575126;5.294118
406;0;1;0;0;-4.4853645764813;2.37931;1.238095;-1.067112;1.736842;1.601894;-2.046101;6.8
536;0;1;0;0;0.101386792118118;2.516129;2.727273;1.081213;1.708333;2.12375;0.987053;5.294118
71;1;1;1;0;1.78980789138394;2.346154;2.823529;1.282619;3.277778;2.092262;0.768356;4.380952
199;0;1;0;0;0.30506636682075;3.666667;1.571429;-0.597166;2.380952;1.86898;-0.417908;5.823529
404;0;1;0;0;-2.28391675876296;2.827586;1.428571;-0.822266;1.789474;1.588462;-1.93599;7.272727
705;1;1;0;0;1.42119716540817;3.766667;4.5;5.84781;2.05;2.280853;1.767118;4.6
740;0;1;0;0;-0.23185366229895;3.366667;3.15;1.491091;1.944444;2.027853;0.449997;4.85
144;0;-1;0;0;0.187385564392776;3.2;5.809524;-0.30197;1.869565;1.872015;-0.955976;4.588235
76;0;1;1;0;0.573771716924134;2.423077;1.571429;-0.597166;1.952381;2.184343;1.304132;5.842105
169;1;1;1;0;0.540427971676702;2.615385;1.714286;-0.395761;2.391304;1.793306;-0.85895;6.263158
139;0;-1;1;0;-0.401020271803185;3.4;6.095238;0.12469;2.130435;1.80084;-1.416458;4.681818
191;0;1;0;0;-0.165658666947236;2.866667;1.571429;-0.597166;2.761905;1.724462;-1.26306;7.526316
342;1;-1;0;0;-0.334062821007631;2.931034;6.235294;0.355797;3.333333;2.200952;0.836489;5.545455
183;1;1;0;0;0.187385564392776;2.766667;1.411765;-0.826036;2.238095;2.4069;2.500558;6.631579
57;1;1;0;0;0.756177325498714;2.5;1.571429;-0.597166;2.5;2.007042;0.287524;6.294118
520;0;1;1;0;-0.38970382784722;2.392857;1.619048;-0.556885;2.708333;1.955378;0.024308;4.55
627;0;1;0;0;-0.763870628660168;2.935484;1.454545;-0.739335;2.5;2.109332;0.893837;5.294118
419;0;1;0;0;-1.40333726686441;2.821429;1.409091;-0.826036;2.041667;1.656283;-1.609169;6.95
38;0;-1;0;0;-0.277455064442596;2.538462;6.52381;0.797001;2.391304;1.814803;-1.231754;5.578947
158;1;1;0;0;-0.165658666947236;2.566667;1.857143;-0.1852;1.904762;1.961569;0.07994;5.761905
688;1;1;0;0;2.1622199502424;2.666667;3.045455;1.491091;2.4;1.745666;-1.088388;5.15
116;1;-1;0;0;-0.695222277873126;2.730769;6.190476;0.245995;2.086957;1.939895;-0.519484;5.263158
193;0;1;0;0;0.0108643607508133;3.066667;2.333333;0.430002;4;1.696429;-1.299247;5.904762
231;1;-1;0;0;1.78980789138394;2.551724;6.705882;1.000634;2.521739;1.891252;-0.874929;4.55
315;0;1;1;0;0.573771716924134;2.689655;1.666667;-0.462896;1.809524;2.026254;0.416471;5.333333
618;0;1;0;0;-0.824671890166332;3.096774;3.764706;2.685744;2.45;1.905;-0.259297;4.470588
715;0;1;0;0;0.167158606457941;3.733333;2;0.00705;2.45;2.192308;1.315802;6.1
726;0;1;1;0;0.395165617176164;2.133333;1.4;-0.822266;3.45;1.827454;-0.695174;5.6
358;0;-1;0;0;1.99318102466416;3.068966;4.470588;-2.293046;2.173913;2.175996;0.699113;4.285714
734;0;1;0;0;0.338163864496608;2.766667;1.8;-0.289758;2.7;1.751401;-1.086777;5.75
657;1;-1;0;0;0.794177885933056;3.533333;4.4;-2.221936;2.55;2.263061;1.215005;4
687;1;1;0;0;1.93421293952417;2;2.1;0.135218;1.95;2.245699;1.56818;5.857143
249;0;-1;0;0;0.695374239936464;3.551724;6.142857;0.218255;2;2.175996;0.668786;5.863636
644;0;1;0;0;-1.97990680311997;3.322581;2;0.00705;2.05;1.635936;-1.772014;5.6
106;0;1;0;0;0.208960499774976;3.230769;2.095238;0.135218;2.333333;1.867944;-0.425908;6.529412
286;1;1;0;0;1.2425910656602;2.724138;1.380952;-0.865707;2.263158;2.043987;0.530711;5.882353
468;0;-1;0;0;-1.09126498332242;3.392857;6.157895;0.186103;2.444444;1.888506;-0.854604;5.7
667;1;-1;0;0;0.45216736985572;3.2;5.6;-0.586409;3.944444;2.01298;-0.207902;3.85
139;0;-1;0;0;-2.04855515390701;3.4;5.619048;-0.657519;2.173913;2.09724;0.316501;3.25
86;0;1;1;0;0.208960499774976;3.653846;2.705882;0.946943;2.047619;1.844595;-0.575167;7
322;0;1;0;0;0.330563022787306;3.517241;1.842105;-0.215556;1.894737;2.184343;1.224922;6.333333
733;0;1;0;0;1.47819891808773;1.7;1.4;-0.798572;3.45;1.823205;-0.693945;5.15
595;1;1;0;0;-1.06787876024707;2.193548;2.045455;0.081252;2.375;2.227887;1.37818;5.294118
463;0;-1;0;0;-1.16142000443629;2.642857;6.157895;0.186103;2.266667;2.208333;0.868159;3.952381
642;0;1;0;0;-0.277455064442596;3.258065;1.6;-0.556885;2.5;2.012821;0.254462;5.428571
211;0;1;1;0;-3.28420540345684;2.733333;1.238095;-1.071061;1.857143;1.57648;-2.136188;5.619048
306;0;1;0;0;1.54660102130319;2.366667;2.714286;0.946943;3.263158;2.053571;0.579046;4.473684
513;0;1;0;0;0.45216736985572;2.75;2;0.00705;2.041667;1.631648;-1.759315;6.409091
553;1;-1;0;0;-0.946276237234746;2.645161;6.681818;1.082802;2.5;1.993521;-0.316635;5.2
718;0;1;1;0;0.965183143971723;2.8;2.95;1.168094;2.1;1.736842;-1.168097;5.75
73;1;1;1;0;0.45216736985572;2.5;1.619048;-0.530031;1.833333;2.001601;0.33276;5.631579
589;1;1;0;0;0.269761761281142;2.193548;2.409091;0.570986;2.375;2.068966;0.632008;5.428571
439;1;-1;0;0;-1.02110813815247;2.896552;6.421053;0.611231;1.8;1.965375;-0.477025;4.909091
476;1;1;0;0;-0.600172539300997;2.857143;1.285714;-0.999977;2.708333;1.777426;-0.957013;6.6
613;1;1;0;0;0.208960499774976;2.258065;2.136364;0.218526;2.8;1.851111;-0.561897;5.333333
675;0;-1;0;0;0.965183143971723;2.633333;6.25;0.375446;3;2.061538;0.010285;4.85
480;1;1;1;0;-0.600172539300997;3.357143;2.095238;0.148034;2.708333;1.80243;-0.847765;5.666667
482;1;1;0;0;0.732791102423366;2.178571;2.052632;0.081252;2.666667;2.092262;0.809364;5.863636
159;1;1;0;0;0.9523126042307;2.5;2.190476;0.275591;2;2.176948;1.240611;5.058824
592;1;1;0;0;-0.095049455868016;2.193548;1.590909;-0.569702;1.625;2.190512;1.325487;5.25
564;0;-1;0;0;-0.179236940449528;2.83871;6.954545;1.4079;1.666667;2.076008;0.083627;5.6
196;0;1;0;0;0.59926837289069;3.1;2.380952;0.544132;2.142857;1.596591;-1.93599;6.772727
481;1;1;0;0;0.171543637288074;2.928571;2;0.00705;2.666667;2.033871;0.495918;6.294118
569;0;-1;0;0;-1.25028436882165;3.225806;7.136364;1.475777;2.2;1.979452;-0.389829;4.904762
78;0;1;1;0;0.816978587004878;2.076923;2.363636;0.544132;1.571429;2.068653;0.648611;5.473684
155;1;1;0;0;-0.224499068161223;2.5;2.190476;0.303859;1.904762;2.031725;0.437299;5.857143
631;0;1;0;0;0.148157414212726;2.709677;1.545455;-0.633785;3.05;2.060961;0.577079;6.95
645;0;1;0;0;1.18178980415404;2.766667;2.3;0.430002;1.8;1.736842;-1.214192;6.761905
316;0;1;0;0;1.97221349995851;3.37931;1.882353;-0.141354;1.473684;2.236607;1.718928;5.380952
234;1;-1;1;0;1.42499667423478;2.586207;5.176471;-1.247313;1.714286;2.21217;0.827558;4.238095
624;0;1;1;0;0.148157414212726;2.129032;2.363636;0.519719;2.35;1.714691;-1.241643;7.210526
230;1;-1;0;1;1.78980789138394;2.862069;5.882353;-0.15975;1.695652;2.384025;1.590868;4.666667
595;1;1;0;0;-0.946276237234746;2.548387;1.727273;-0.36396;1.583333;1.872399;-0.42869;6.45
65;1;1;0;0;0.148157414212726;2.923077;1.952381;-0.060085;1.777778;1.792196;-0.847765;6.238095
304;0;1;0;0;-0.15585071737418;2.62069;1.714286;-0.395761;2.142857;2.204489;1.50808;5.666667
518;0;1;0;0;-0.459860673017174;2.392857;2;0.00705;2.416667;1.886119;-0.381601;6.904762
389;1;1;0;0;1.36419541272861;2.310345;1.571429;-0.597166;1.736842;2.032256;0.418755;5.947368
479;1;1;1;0;-0.880796271868645;3.551724;1.285714;-0.999977;2.916667;1.996664;0.284516;5.047619
369;1;1;1;0;1.36419541272861;2.37931;1.285714;-0.999977;2.533333;1.924842;-0.145513;6.954545
154;1;1;0;0;-0.106818265733248;2.533333;1.47619;-0.731437;1.904762;2.048333;0.525328;6.736842
596;1;1;0;0;-0.763870628660168;2.483871;1.727273;-0.36396;1.791667;2.227887;1.402848;4.55
73;1;1;0;0;1.06018545708562;2.033333;1.619048;-0.530031;3.833333;1.674202;-1.299247;6.947368
267;1;1;0;0;1.18178980415404;2.793103;1.411765;-0.838853;1.578947;1.775395;-0.999663;6.761905
204;0;1;0;0;0.716949175318664;2.5;1.714286;-0.395761;2.047619;1.596591;-2.339541;6.529412
20;1;-1;0;0;0.634572978430298;3;5.809524;-0.316192;2.130435;1.825838;-1.134894;5.947368
629;0;1;0;0;-1.37188871589007;2.225806;1.954545;-0.060085;2.1;1.871891;-0.42869;5.857143
394;1;1;0;0;-1.02594735894795;2.821429;1.894737;-0.158813;1.894737;1.932883;-0.085141;5.588235
46;1;1;1;0;0.148157414212726;3.076923;1.705882;-0.407608;1.5;1.857287;-0.505511;5.631579
687;1;1;0;0;1.13618840201039;2.633333;2.4;0.583803;2.6;1.745666;-1.154778;6
242;0;-1;0;0;-0.21665380293643;3.62069;6.647059;0.925611;2;1.975222;-0.459176;4.428571
190;0;1;0;0;-1.28362811406909;3.366667;1.761905;-0.328625;1.736842;1.743379;-1.106981;7
234;1;-1;0;0;1.72900662987777;2.758621;6.941176;1.318587;2.304348;2.155675;0.558523;5.142857
527;0;1;0;0;-1.72266929362767;2.785714;1.947368;-0.075881;1.75;1.824675;-0.677817;6.190476
629;0;1;0;0;-2.58792671440596;2.709677;1.590909;-0.569702;2.6;1.802137;-0.8562;7.5
176;1;1;0;0;-1.16594731164111;3.066667;1.619048;-0.530031;2.052632;1.866588;-0.444627;5.235294
697;1;1;0;0;1.2501919073695;2.633333;2.55;0.71197;1.8;1.907925;-0.208828;5.6
265;1;1;0;0;1.18178980415404;2.62069;1.882353;-0.141354;1.578947;1.99368;0.227955;6.333333
490;1;1;0;0;-0.179236940449528;2.892857;1.947368;-0.067152;2.916667;2.25942;1.691282;5.904762
488;1;1;0;0;-0.530017518187129;2.714286;1.894737;-0.158813;2.833333;1.770884;-0.999663;5.333333
620;0;1;0;0;0.938582934073292;2.419355;2.842105;1.282619;2.6;1.714691;-1.25136;7.263158
81;0;1;0;0;0.573771716924134;2.115385;1.571429;-0.597166;1.952381;2.016873;0.36511;5.526316
328;1;-1;0;0;1.36419541272861;1.827586;6.952381;1.318587;2.866667;2.313462;1.44303;4.818182
200;0;1;0;0;-0.3421798705892;3.333333;1.571429;-0.597166;1.736842;2.108465;0.877123;7
96;0;1;0;0;0.938582934073292;3.307692;2.095238;0.141321;1.952381;2.016873;0.404104;6.368421
523;0;1;0;0;-0.179236940449528;2.83871;1.619048;-0.556885;2.166667;2.017857;0.365558;4.882353
347;0;-1;0;0;-1.15174338690141;2.758621;6.117647;0.13966;4.533333;1.956312;-0.512511;4.045455
570;0;-1;0;0;-0.642266281591752;2.516129;4.909091;-1.439728;1.708333;1.905;-0.808506;6.52381
244;0;-1;0;0;-0.21665380293643;3.172414;6.588235;0.906898;2.866667;2.135436;0.374436;3.952381
21;1;-1;0;0;-1.9191055416138;3.961538;6.571429;0.906898;3.043478;1.663509;-1.985538;5.421053
449;1;-1;0;0;-0.21665380293643;2.285714;5.947368;-0.096125;1.888889;2.067424;0.118063;4.65
719;0;1;0;0;1.47819891808773;3.166667;2.2;0.303859;1.95;1.869935;-0.45772;3.95
380;1;1;1;0;-0.648555626975405;2.827586;1.285714;-0.999977;1.789474;2.055588;0.575126;5.333333
424;0;1;0;0;0.986803680756069;2.241379;6.142857;3.833755;2.789474;2.135582;1.064647;4.571429
498;1;1;1;0;-0.249391961563397;2.642857;2.526316;0.71197;2.875;1.851111;-0.543573;5.857143
309;0;1;0;0;1.54660102130319;3.37931;1.529412;-0.664301;2.105263;1.84676;-0.562279;7.428571
7;1;-1;0;0;0.330563022787306;3.269231;5.47619;-0.728629;2.913043;1.9;-0.821664;5.263158
22;0;-1;0;0;-0.459860673017174;2.807692;5.952381;-0.08864;2.086957;1.654167;-1.85318;5.947368
692;1;1;0;0;1.93421293952417;2.666667;3.9;2.495001;1.45;2.254464;1.617959;5.05
134;0;-1;0;0;0.0108643607508133;3.384615;4.333333;-1.862204;2.619048;2.072996;0.107731;4.526316
675;0;-1;0;0;0.395165617176164;2.866667;6.65;0.925611;3.222222;2.216149;0.87089;4
627;0;1;0;0;-1.37188871589007;2.483871;1.5;-0.697869;3.05;2.132083;0.98313;5.45
589;1;1;1;0;0.391366108349556;1.709677;1.772727;-0.328625;2.166667;1.712888;-1.374934;6.909091
78;0;1;1;0;0.330563022787306;2.692308;1.571429;-0.597166;1.428571;1.845137;-0.575167;6.894737
650;1;-1;0;0;0.053155101098829;3.433333;6.35;0.532636;1.866667;2.161979;0.572007;3.857143
678;0;-1;0;0;-0.630865931055842;2.966667;6.8;1.191338;2.111111;2.365942;1.63993;4
416;0;1;1;0;-1.71783007283219;3.071429;2.095238;0.141321;2.842105;2.03125;0.446423;4.363636
541;1;-1;0;0;-1.65251244845771;2.645161;6.681818;0.978008;2.733333;2.033784;-0.13718;4.190476
639;0;1;0;0;1.48579975979703;2.419355;1.545455;-0.633785;2.8;1.727273;-1.220491;6.772727
126;1;-1;0;1;-0.871743481515088;3.8;5.047619;-1.375082;1.777778;1.689878;-1.906465;4.647059
642;0;1;0;0;0.391366108349556;3.566667;2.7;0.879808;2.15;1.976402;0.116294;5.380952
292;0;1;0;0;0.512968631361884;3.689655;1.529412;-0.656403;3.157895;1.84676;-0.561897;6.761905
54;1;1;1;0;0.634572978430298;2.115385;1.47619;-0.731437;2.888889;1.642948;-1.745221;7.526316
336;1;-1;0;0;0.483615920830064;1.827586;6.190476;0.266909;2.6;2.083127;0.149289;5.333333
48;1;1;1;0;-0.33825632594876;2.846154;1.666667;-0.462896;1.777778;1.874511;-0.361754;5.705882
265;1;1;0;0;1.30339415122245;3.344828;1.588235;-0.573471;1.761905;2.192281;1.240611;7
304;0;1;0;0;-0.034248194361852;2.517241;1.941176;-0.067152;1.571429;1.939167;-0.060344;6.529412
225;1;-1;0;0;0.512968631361884;3.103448;4.588235;-2.221936;2.238095;2.21818;0.802047;5.636364
255;0;-1;0;0;-0.520661934523338;4.793103;6.294118;0.409129;1.866667;2.015349;-0.200128;4.428571
36;0;-1;0;0;-1.25028436882165;2.807692;5.47619;-0.799739;2.782609;1.858456;-1.031991;5.473684
431;0;1;0;0;1.04970260676084;2.689655;2.684211;0.852954;1.958333;1.974929;0.135458;5.588235
510;0;1;0;0;0.171543637288074;2.75;2.142857;0.208456;2.083333;1.659794;-1.650533;6
393;1;1;0;0;0.294920966871833;2.310345;1.631579;-0.512364;1.947368;1.961569;0.045803;5.25
177;1;1;1;0;-1.40130891649706;3.933333;2.529412;0.753436;1.428571;1.727273;-1.168553;4.863636
261;1;1;0;0;0.999384195579456;2.758621;1.411765;-0.822266;1.857143;2.192281;1.224922;7.047619
216;0;1;0;0;-0.106818265733248;2.8;2.47619;0.647886;1.380952;2.259091;1.56818;6.761905
343;1;-1;0;0;-0.319548806733351;2.586207;6.619048;0.835788;4.533333;2.15942;0.558014;6.363636
606;1;1;0;1;1.42499667423478;2.064516;1.590909;-0.573471;2.125;1.948529;-0.023304;4.882353
158;1;1;0;0;0.83462997774664;2.333333;2.47619;0.647886;2;2.044337;0.513562;5.227273
272;1;1;0;0;1.18178980415404;3.344828;1.176471;-1.134248;2;1.693681;-1.404408;6.571429
261;1;1;0;0;0.208960499774976;3.62069;1.571429;-0.586566;1.619048;2.26414;1.693085;6.52381
417;0;1;0;0;-1.34044016491572;3.103448;3.764706;1.997411;2.041667;1.701753;-1.374934;5.058824
192;0;1;1;0;-1.46014931771105;2.733333;1.666667;-0.462896;2.190476;1.724462;-1.270785;6.117647
128;1;-1;0;0;0.481587570462713;2.733333;5.047619;-1.510838;2;2.027397;-0.060731;5.647059
1;1;-1;0;0;-0.095049455868016;2.615385;5.47619;-0.799739;2.217391;1.821141;-1.416458;7
169;1;1;0;0;0.246225965606763;3.033333;1.238095;-1.067112;1.571429;1.888974;-0.288951;5.705882
606;1;1;0;1;-0.824671890166332;2.83871;2.409091;0.583803;2.041667;1.987013;0.199724;4.95
407;0;1;0;0;-0.900149506938407;2.931034;1.428571;-0.826036;2.052632;1.89652;-0.290958;5.1
486;1;1;0;0;-0.109080095279572;2.75;2.157895;0.229657;2.291667;2.055232;0.566036;5.882353
7;1;-1;1;0;-0.946276237234746;3.961538;5.857143;-0.23086;2.608696;1.689878;-1.985538;5.263158
507;1;1;0;0;0.241698658401943;2.357143;1.363636;-0.865707;1.666667;2.173913;1.294765;5.047619
635;0;1;1;0;0.208960499774976;2.419355;1.454545;-0.739335;2.65;1.86818;-0.422528;7.136364
709;1;1;0;0;0.45216736985572;2.966667;1.75;-0.324676;2.45;2.059425;0.588599;5.85
8;1;-1;0;0;-0.581465020085588;3.346154;5.857143;-0.241526;2.913043;1.838061;-1.170794;5.421053
7;1;-1;0;0;0.0873561527065622;2.846154;3.809524;-3.288585;1.777778;2.324011;1.44303;5.809524
130;0;-1;0;0;-0.871743481515088;3.433333;5.809524;-0.30197;2.565217;2.051916;-0.035991;4.647059
488;1;1;0;0;-0.179236940449528;2.714286;1.631579;-0.512364;3.083333;1.851111;-0.562279;6.136364
522;0;1;0;0;-0.459860673017174;2.709677;2;0.00705;1.75;1.931818;-0.09789;5.789474
682;0;-1;0;0;0.395165617176164;3.333333;5.7;-0.444189;3.6;1.996053;-0.315693;3.85
281;1;1;0;0;0.877779848511042;3.206897;3.142857;1.480973;2.263158;1.92013;-0.176622;5.9
665;1;-1;0;0;0.281162111817053;2.866667;5.8;-0.30197;2.388889;1.909596;-0.808506;4.1
520;0;1;0;0;-0.459860673017174;2.821429;4.47619;3.968026;2.416667;2.130468;0.98313;4.95
540;0;1;0;0;-0.39905941151101;2.322581;1.619048;-0.556885;2.416667;1.955378;0.094139;5.904762
590;1;1;0;0;0.0873561527065622;2.193548;1.590909;-0.569702;2.166667;1.974359;0.143525;4.882353
198;0;1;0;0;-0.401020271803185;4.666667;1.571429;-0.586566;2.263158;1.724462;-1.235878;6.263158
420;0;1;1;0;0.357819892876605;3.034483;1.294118;-0.999977;2.041667;1.924784;-0.145513;6.666667
340;1;-1;0;0;-0.0195718390959409;2.413793;6.421053;0.611231;3.8;1.927736;-0.620694;4.454545
312;0;1;0;0;1.72900662987777;3.827586;2.761905;0.897475;2.473684;1.855498;-0.523329;5.409091
667;1;-1;0;0;-0.00384665158072692;3.6;4.3;-2.389254;2.45;1.812629;-1.333448;4.4
48;1;1;0;0;1.06018545708562;2.307692;1.714286;-0.395761;2.888889;1.779622;-0.912115;6.894737
155;1;1;0;0;-0.871743481515088;3.3;1.619048;-0.530031;2.304348;1.80694;-0.767289;5.705882
92;0;1;1;0;0.0265548912003981;2.615385;1.47619;-0.731437;2.619048;1.739275;-1.088388;6.842105
381;1;1;0;0;-0.900149506938407;2.724138;1.428571;-0.798572;2.578947;1.619688;-1.771089;6.318182
421;0;1;0;0;1.11260153276561;2.62069;1.52381;-0.656403;1.789474;2.236607;1.617959;5.526316
93;0;1;1;0;0.0265548912003981;2.346154;1.571429;-0.597166;2.619048;2.105047;0.83446;6.736842
70;1;1;1;0;1.12098854264787;2.461538;1.857143;-0.194355;2.388889;1.745666;-1.143498;7.157895
425;0;1;0;0;-0.83725240498972;3;2.47619;0.678402;2.041667;1.89652;-0.290094;5.588235
29;0;-1;0;0;-0.885473151672496;3.115385;5.761905;-0.37308;2.130435;1.923122;-0.669904;5.315789
710;1;1;0;0;0.45216736985572;3.4;1.6;-0.556885;2.45;1.93975;-0.028105;5.3
503;1;1;0;0;-0.319548806733351;2.785714;1.894737;-0.141354;2.083333;1.992327;0.199724;6
209;0;1;0;0;-0.401020271803185;3.333333;1.761905;-0.328625;1.857143;1.901727;-0.259297;6.263158
4;1;-1;1;0;-0.39905941151101;3.269231;5.714286;-0.444189;2.217391;1.880435;-0.903146;6.052632
82;0;1;0;0;-0.520661934523338;3.153846;2.904762;1.282619;1.952381;1.934638;-0.080276;5.681818
319;0;1;0;0;0.546514846834836;2.931034;1.470588;-0.761952;1.473684;1.823443;-0.671987;6.5
491;1;1;0;0;-1.02110813815247;3.392857;3.052632;1.628365;2.916667;2.027397;0.437294;4.761905
650;1;-1;0;0;0.053155101098829;3.366667;6.35;0.532636;1.866667;1.752725;-1.528865;6.52381
411;0;1;1;0;-0.0195718390959409;2.137931;1.571429;-0.597166;2.333333;1.936782;-0.023304;5.909091
351;0;-1;0;0;-0.0195718390959409;2.586207;6.380952;0.525491;2.866667;1.966013;-0.433789;5.142857
317;0;1;0;0;0.546514846834836;3.62069;1.705882;-0.415901;1.894737;2.184343;1.240611;5.952381
65;1;1;0;0;-0.946276237234746;3.3;1.588235;-0.573471;1.52381;1.80694;-0.767289;5.941176
619;0;1;0;0;0.391366108349556;2.483871;2.315789;0.421709;2.583333;1.735518;-1.168097;6
9;1;-1;0;0;-0.581465020085588;3.692308;5.857143;-0.241526;2.217391;1.902842;-0.782779;6.315789
158;1;1;0;0;1.30535501151463;2.346154;2.761905;0.946943;2;2.246032;1.691282;6.045455
331;1;-1;0;0;0.483615920830064;1.827586;6.190476;0.266909;3.4;1.991823;-0.316635;5.636364
536;0;1;0;0;0.101386792118118;2.806452;3;1.168094;1.416667;2.127497;0.961924;6.428571
43;1;1;0;0;0.391366108349556;2.730769;1.571429;-0.597166;2.222222;2.035099;0.470567;5.842105
52;1;1;1;0;0.391366108349556;3.538462;1.619048;-0.530031;2.166667;2.090802;0.783427;5.526316
487;1;1;0;0;-1.02110813815247;2.821429;1.947368;-0.067152;2.708333;1.915913;-0.191312;6.210526
706;1;1;0;0;0.45216736985572;2.733333;2.15;0.208456;1.8;2.06338;0.619741;4.65
35;0;-1;0;0;0.634572978430298;3.076923;6.095238;0.12469;1.956522;2.110735;0.308797;5.894737
168;1;1;0;0;0.246225965606763;2.9;1.571429;-0.597166;2.238095;2.057692;0.555063;4.666667
16;1;-1;0;0;0.148157414212726;3.5;5.809524;-0.316192;2.652174;2.073874;0.08486;4.142857
584;1;1;0;0;-1.12868184580932;2.193548;1.590909;-0.573471;1.722222;1.917929;-0.139094;6.666667
585;1;1;1;0;0.269761761281142;2.322581;1.578947;-0.586566;1.583333;1.883884;-0.414343;6.909091
661;1;-1;0;0;0.908181391292167;2.870968;5.6;-0.567696;2.888889;1.991671;-0.328031;3.7
56;1;1;0;0;1.12098854264787;2.307692;1.904762;-0.12722;2.722222;2.007042;0.311283;6.210526
575;0;-1;0;0;-0.39905941151101;2.419355;5.772727;-0.37308;2.277778;2.067424;0.118979;4.55
662;1;-1;0;0;0.908181391292167;2.766667;6.5;0.764679;2.222222;2.061538;0.042729;5.1
557;1;-1;0;0;0.0265548912003981;2.387097;5.090909;-1.646593;3.375;1.966013;-0.412456;6.52381
687;1;1;0;1;1.13618840201039;2.433333;3.5;2.356781;2.6;2.083127;0.715497;4.85
220;1;-1;0;0;0.208960499774976;3.068966;6.529412;0.764679;2.304348;2.338348;1.370251;5.380952
176;1;1;1;0;-2.28391675876296;3.066667;1.619048;-0.530031;1.952381;1.793478;-0.820151;6.176471
575;0;-1;0;0;-0.39905941151101;3.321429;6.727273;1.000634;2.277778;1.727132;-1.477517;5.65
361;0;-1;0;0;1.99318102466416;3.37931;5.5;-0.799739;3.2;1.92013;-0.669904;7.047619
92;0;1;1;0;-2.40552110583138;3.366667;1.588235;-0.569702;2;1.658022;-1.635273;4.090909
613;1;1;1;0;0.208960499774976;2.258065;3.863636;2.495001;2.8;2.191509;1.304132;5
714;1;1;0;0;0.965183143971723;2.866667;1.9;-0.141354;2.1;1.907925;-0.19427;5.45
143;0;-1;1;0;-1.98971475269302;3;5.714286;-0.444189;1.826087;2.09724;0.316501;3.235294
256;0;-1;0;0;-0.520661934523338;4.793103;6.294118;0.409129;2.866667;2.305504;1.44303;4.142857
106;0;1;0;0;-0.15585071737418;2.423077;1.714286;-0.395761;1.857143;1.945932;-0.060344;5.526316
261;1;1;0;0;0.999384195579456;2.689655;1.705882;-0.407608;1.809524;2.035016;0.475539;5.761905
725;0;1;0;0;1.36419541272861;4.166667;4.95;3.813615;1.95;2.118056;0.871334;4.85
108;0;1;0;0;-0.871743481515088;3.133333;1.904762;-0.12722;1.777778;1.85786;-0.505511;5.588235
221;1;-1;0;0;0.512968631361884;3.344828;6.411765;0.611231;2.304348;1.825838;-1.145228;5.9
496;1;1;0;0;-0.0389250741657034;2.83871;2.526316;0.776053;2.291667;2.25;1.663467;5.882353
142;0;-1;0;0;-1.04826650921314;3;4.714286;-1.937497;2.095238;1.949605;-0.519484;5.058824
418;0;1;0;0;-1.52913511887396;3.035714;2.47619;0.678402;2.625;1.941783;-0.067063;6.526316
37;0;-1;0;0;0.269761761281142;2.538462;5.619048;-0.614853;2.652174;1.654167;-1.915752;4.894737
415;0;1;1;0;-1.71783007283219;3.035714;2.095238;0.141321;2.333333;2.03125;0.437299;5.857143
404;0;1;0;0;-0.900149506938407;2.931034;1.666667;-0.462896;2.052632;1.779595;-0.899906;6.363636
5;1;-1;0;0;0.148157414212726;3.269231;3.809524;-3.359694;1.555556;2.125988;0.358992;5.578947
457;0;-1;1;0;-2.2231154972568;3;5.545455;-0.799739;2.888889;2.086806;0.187656;2.647059
66;1;1;0;0;0.634572978430298;2.2;2.142857;0.218526;1.833333;2.046537;0.550043;5.631579
62;1;1;0;0;0.391366108349556;3.192308;3.411765;2.893863;2.5;2.122374;0.995632;4.736842
374;1;1;0;0;-0.648555626975405;2.206897;1.285714;-0.999977;1.571429;2.108592;0.893837;4.8
155;1;1;0;0;-0.871743481515088;3.3;1.588235;-0.569702;2.285714;1.777439;-0.957013;6.176471
413;0;1;0;0;-0.334062821007631;2.689655;1.947368;-0.067152;2.052632;1.719498;-1.25136;6.904762
140;0;-1;0;0;-2.69579956726088;3.566667;5.190476;-1.039267;2.095238;1.93973;-0.598276;4.588235
144;0;-1;0;0;-1.75435132378099;3.3;6.411765;0.593368;3.217391;2.0693;0.107731;4.5
223;1;-1;0;0;0.938582934073292;3.866667;6.176471;0.266909;1.652174;2.295568;1.275957;5.142857
76;0;1;0;0;0.148157414212726;3.307692;1.619048;-0.530031;2.52381;1.904064;-0.273504;5.941176
335;1;-1;0;0;-0.774353478984948;3.310345;6.047619;0.05358;1.866667;2.444444;2.619236;4.863636
565;0;-1;0;0;-0.810641250754776;2.642857;6.954545;1.4079;2.944444;1.879678;-0.849439;5.761905
527;0;1;0;0;-1.72266929362767;2.785714;1.947368;-0.067152;1.75;1.905745;-0.271585;5.904762
278;1;1;0;0;0.634572978430298;3.172414;3.142857;1.68543;1.842105;1.895785;-0.290094;6.238095
329;1;-1;0;0;-0.774353478984948;2.62069;5.809524;-0.30197;4;1.915385;-0.66235;4.909091
229;1;-1;0;0;0.148157414212726;3.827586;5.882353;-0.193213;2.130435;2.11203;0.3107;4.705882
488;1;1;0;0;-1.02110813815247;3;2.157895;0.208456;2.708333;2.027973;0.437294;4.55
686;0;-1;0;0;1.13618840201039;2.866667;5;-1.510838;1.6;2.340909;1.746392;4.8
95;0;1;1;0;0.208960499774976;2.307692;1.666667;-0.462896;1.809524;1.784756;-0.912115;6.263158
615;1;1;0;0;0.0873561527065622;2.064516;3.863636;2.685744;2.9;2.236842;1.56818;4.75
713;1;1;0;0;1.47819891808773;2.666667;4.95;3.531647;2.35;1.966292;0.043033;6.1
645;0;1;0;0;-0.277455064442596;3.258065;2.5;0.776053;2.7;1.735518;-1.218723;4.863636
589;1;1;1;0;0.391366108349556;1.870968;1.727273;-0.377451;2.708333;2;0.34209;4.55
346;0;-1;0;0;-0.1453678670494;2.62069;6;-0.01753;4;2.068493;0.103104;5.272727
214;0;1;0;0;-0.224499068161223;3.166667;2.47619;0.678402;2.157895;2.223881;1.520438;6.428571
332;1;-1;0;0;-1.08884628495272;2.586207;6.095238;0.12469;2.2;2.265396;1.150986;4.681818
296;0;1;0;0;1.85061097694619;2.724138;3.764706;2.356781;2.285714;1.891252;-0.290094;5.809524
464;0;-1;0;0;-1.09126498332242;2.285714;5.631579;-0.586409;1.944444;2.126609;0.427499;4.55
99;0;1;0;0;-0.459860673017174;2.666667;2;0.00705;2.333333;1.935215;-0.07675;6.25
709;1;1;0;0;0.45216736985572;2.866667;1.75;-0.328625;1.75;2.190512;1.315802;5.85
740;0;1;0;0;-0.23185366229895;3.733333;1.85;-0.194355;1.95;2.394231;2.556947;6.65
11;1;-1;0;0;-0.885473151672496;3.961538;6.666667;1.000634;2.608696;1.676635;-1.791589;5.789474
157;1;1;0;0;-0.106818265733248;2.7;2.190476;0.275591;1.857143;2.048333;0.525328;5.666667
74;1;1;1;0;1.06018545708562;2.538462;1.52381;-0.656403;1.947368;2.083333;0.7253;6.736842
295;0;1;0;0;0.756177325498714;3.413793;1.705882;-0.407608;2.333333;1.843373;-0.54246;7.142857
314;0;1;0;0;1.54660102130319;3.172414;2.428571;0.678402;1.684211;2.026254;0.416471;5.7
70;1;1;1;0;1.06018545708562;2.307692;1.619048;-0.530031;3.833333;1.873016;-0.439398;6.263158
323;0;1;0;0;-0.642266281591752;3.62069;1.235294;-1.067112;1.809524;1.743379;-1.132307;6.52381
58;1;1;0;0;1.06018545708562;2.038462;1.761905;-0.328625;2.277778;2.043987;0.527521;5.526316
453;1;-1;0;0;-0.21665380293643;2.285714;6.727273;1.004207;1.8;1.993342;-0.313682;5.6
206;0;1;0;0;0.540427971676702;2.866667;3.095238;1.491091;2.315789;2.078714;0.728987;5.636364
541;1;-1;0;0;-0.21665380293643;2.870968;6.681818;1.082802;2.066667;1.897503;-0.808506;3.85
604;1;1;0;0;1.42499667423478;2.193548;2.409091;0.570986;1.916667;2.115942;0.877123;6.045455
9;1;-1;0;0;0.0873561527065622;3.192308;6.380952;0.525491;1.608696;1.773042;-1.528865;5.631579
742;0;1;0;0;-0.23185366229895;2.533333;2.3;0.430002;2.583333;1.699064;-1.407472;5.15
558;1;-1;0;0;1.12098854264787;2.310345;4.909091;-1.510838;1.833333;2.283422;1.21543;6.8
626;0;1;0;0;-1.12868184580932;2.483871;1.545455;-0.633785;2.7;2.109332;0.847871;5.294118
324;0;1;0;0;-0.642266281591752;3.137931;1.619048;-0.530031;2;1.779595;-0.899906;6
565;0;-1;0;0;-0.179236940449528;2.392857;6.863636;1.124411;2.066667;2.365942;1.564739;5.6
592;1;1;0;0;0.816978587004878;2.16129;1.727273;-0.36396;2.375;1.924842;-0.139094;6.666667
363;0;-1;1;0;-2.09522180480473;3.62069;6.333333;0.480239;2.333333;2.038462;-0.13478;6.315789
610;1;1;0;0;-1.61509558597081;2.483871;2.363636;0.544132;2.5;2.369231;2.256018;5.666667
172;1;1;0;0;1.06999340665868;2.533333;1.238095;-1.067112;1.714286;1.904605;-0.273504;6.263158
444;1;-1;0;0;-1.02110813815247;3.642857;6.894737;1.387936;2.666667;1.979452;-0.407016;4.55
571;0;-1;0;0;-1.06787876024707;2.451613;6.636364;0.932756;2.466667;2.080394;0.175876;3.5
467;0;-1;0;0;-1.23157684960625;3.142857;6.894737;1.387936;1.6;2.088831;0.149289;4.65
517;0;1;0;0;-0.109080095279572;1.892857;2.095238;0.148034;1.708333;1.824675;-0.691333;7.210526
587;1;1;1;0;0.512968631361884;2.064516;1.863636;-0.194355;1.916667;2.094809;0.768356;6.25
551;1;-1;0;0;-1.73669993303923;2.758621;6.45;0.693569;2.666667;2.384842;1.593905;3.8
207;0;1;0;0;-0.401020271803185;2.733333;4.809524;3.531647;1.952381;1.634872;-1.759315;6.55
166;1;1;1;0;0.246225965606763;2.4;2;0.00705;1.666667;2.047119;0.513562;5.294118
497;1;1;1;0;-0.0389250741657034;2.464286;2.052632;0.071134;2.166667;2.063538;0.620603;5.6
541;1;-1;0;0;-0.109080095279572;2.75;6.545455;0.773044;1.722222;2.291315;1.142078;5.1
709;1;1;0;0;0.509169122535276;2.866667;1.9;-0.141354;1.75;1.792196;-0.81528;6.6
460;0;-1;0;0;-1.72266929362767;2.535714;6.789474;1.191338;3.333333;2.015349;-0.200128;4.571429
280;1;1;0;0;1.66820536837161;2.862069;5.705882;5.84781;3.066667;2.124486;0.995899;5.909091
666;1;-1;0;0;-0.573864178376286;2.833333;6.25;0.338019;2.722222;2.15942;0.593827;5.2
300;0;1;0;0;-0.15585071737418;2.965517;1.294118;-0.999977;2;2.140989;1.054163;6.65
571;0;-1;0;0;0.573771716924134;2.75;6.954545;1.404667;2.888889;2.210475;0.855811;5.6
352;0;-1;0;0;-1.90652502679042;2.827586;6;-0.01753;1.733333;1.91622;-0.70243;4.727273
258;0;-1;0;0;-0.33825632594876;3.551724;7.047619;1.546887;2;1.904882;-0.782779;5.52381
712;1;1;0;0;0.908181391292167;2.633333;3.045455;1.713697;2.35;1.804905;-0.733263;5.45
578;0;-1;0;0;-0.15585071737418;3.064516;6.681818;1.004207;2.555556;2.053259;0.0574;5.15
178;1;1;1;0;0.363906768034739;2.866667;2.380952;0.526465;1.619048;2.116667;0.911491;4.857143
573;0;-1;0;0;-0.39905941151101;2.392857;5.954545;-0.08864;2.777778;2.092995;0.316501;5.1
180;1;1;0;0;0.83462997774664;2.333333;1.619048;-0.530031;1.608696;1.775401;-0.957013;6.526316
339;1;-1;0;0;0.106226012913602;2.586207;6.380952;0.551349;2.866667;2.370734;1.762095;4.818182
20;1;-1;0;0;-1.9191055416138;3.307692;5.380952;-0.870849;3.043478;2.355328;1.646799;4.6
553;1;-1;0;0;0.224160359137497;2.290323;6.5;0.803789;2.888889;2.307615;1.329076;5.6
292;0;1;0;0;-1.00707749874091;3.068966;3.764706;2.080343;2.157895;1.887395;-0.361754;4.619048
88;0;1;0;0;0.208960499774976;4.692308;1.619048;-0.530031;2.333333;1.867944;-0.444627;6.157895
642;0;1;0;0;-0.15585071737418;3.258065;2.7;0.971677;2.35;1.95261;0.089235;5.904762
715;0;1;0;0;0.794177885933056;3.533333;2.7;0.946943;2.55;1.980769;0.163223;5.15
283;1;1;0;0;0.999384195579456;3.344828;2.058824;0.081252;1.684211;1.860268;-0.478397;7.095238
37;0;-1;0;0;-0.277455064442596;3.346154;6.142857;0.218255;2.73913;1.814103;-1.425598;5.105263
567;0;-1;0;0;-0.642266281591752;2.678571;7.136364;1.711563;2.555556;1.919748;-0.66235;6.55
362;0;-1;0;0;0.86100765280261;2.551724;6.952381;1.318587;2.866667;2.200267;0.87089;5.142857
232;1;-1;0;0;0.148157414212726;3.827586;7.235294;1.546887;2.73913;2.200267;0.773764;5.380952
519;0;1;0;0;-0.459860673017174;2.821429;1.619048;-0.556885;1.75;2.315694;1.767118;4.590909
715;0;1;0;0;0.167158606457941;3.733333;4.5;3.498079;2.55;2.064322;0.650321;4.3
451;1;-1;0;0;-1.02110813815247;3.321429;6.368421;0.525491;3.066667;2.159324;0.593827;3.857143
736;0;1;0;0;1.53520067076728;3.166667;1.7;-0.407608;1.5;1.871891;-0.420803;6.4
453;1;-1;0;0;-1.65251244845771;3.137931;7.157895;1.611533;2.666667;2.051806;-0.011317;4.904762
86;0;1;0;0;0.330563022787306;4.692308;1.619048;-0.530031;2.333333;1.739275;-1.088388;5.764706
263;1;1;0;0;-0.39905941151101;3.62069;1.529412;-0.664301;1.842105;2.002153;0.305709;6.333333
243;0;-1;0;0;-0.21665380293643;3.517241;5.882353;-0.193213;1.866667;1.88204;-0.911606;5.588235
594;1;1;0;0;0.512968631361884;2.193548;2.227273;0.275591;2.125;2.040765;0.49299;5.588235
696;1;1;0;0;1.64920417612639;2.633333;2.85;1.205413;1.55;1.843366;-0.561897;6.5
716;0;1;0;0;0.794177885933056;3.333333;3.15;1.628365;2.7;2.037043;0.464895;4.55
73;1;1;0;0;1.12098854264787;2.666667;1.47619;-0.731437;1.833333;2.129229;0.9552;5.789474
279;1;1;1;0;1.42499667423478;2.586207;1.588235;-0.573471;2.315789;1.986667;0.226313;5.526316
258;0;-1;0;0;-0.520661934523338;3.862069;6.117647;0.158153;1.866667;2.0466;-0.008555;4.428571
61;1;1;0;0;0.148157414212726;3.038462;1.952381;-0.060085;2.666667;2.055948;0.575126;7.210526
212;0;1;0;0;0.0108643607508133;2.866667;3.095238;1.68543;2.190476;2.140989;1.054163;4.058824
484;1;1;0;0;0.171543637288074;2.607143;1.894737;-0.133933;2.333333;1.958048;0.07994;6.45
442;1;-1;0;0;-1.51220058217389;3;6.421053;0.611231;1.8;1.987821;-0.345731;4.65
723;0;1;0;0;-0.117850156939839;3.366667;2.95;1.168094;1.95;1.635936;-1.682178;5.15
279;1;1;0;0;0.877779848511042;2.758621;2.352941;0.544132;1.947368;2.044337;0.507471;4.6
480;1;1;1;0;-0.530017518187129;2.857143;1.736842;-0.377451;3.208333;1.785826;-0.905762;7.318182
66;1;1;0;0;0.634572978430298;2.153846;1.47619;-0.731437;2.888889;1.723409;-1.241643;6.705882
524;0;1;0;0;-0.600172539300997;2.642857;2;0.00705;1.458333;1.905745;-0.243329;6.904762
682;0;-1;0;0;-1.65689747928785;2.2;5.2;-1.039267;1.65;2.251412;0.974782;3.235294
489;1;1;0;0;-0.319548806733351;2.821429;2;0.00705;2.916667;2.068966;0.656156;5.882353
473;0;-1;0;0;-0.39905941151101;2.892857;6.736842;1.004207;1.722222;2.16612;0.572304;4.4
142;0;-1;0;0;-2.28391675876296;2.733333;5.619048;-0.586409;2.086957;1.93973;-0.519484;5.590909
269;1;1;0;0;1.54660102130319;2.896552;1.411765;-0.822266;1.5;2.05065;0.537357;6.058824
462;0;-1;0;0;-1.16142000443629;2.285714;5.952381;-0.08864;1.666667;2.284081;1.21543;3.9
597;1;1;0;0;-0.946276237234746;2.193548;2.227273;0.303859;1.625;2.369231;2.256018;4.05
443;1;-1;1;0;-1.96942395279519;3.677419;6.47619;0.654458;1.5;2.384842;1.762095;4.863636
697;1;1;0;0;1.42119716540817;3.766667;4.5;4.166074;1.85;1.598476;-2.469683;4.470588
110;1;-1;0;0;-0.754062679087113;3.366667;4.52381;-2.301412;1.52381;1.930618;-0.620694;3.529412
521;0;1;1;0;1.29403856755866;3.37931;3.772727;2.50631;2.708333;2.327273;1.762488;4.6
471;0;-1;0;0;-1.93313618102536;2.37931;6.181818;0.25398;2.611111;1.888506;-0.874929;5.65
520;0;1;1;0;0.522324215025675;2.827586;1.666667;-0.462896;2.708333;1.923344;-0.172873;7.045455
303;0;1;0;0;0.330563022787306;2.517241;2;0.00705;1.952381;1.93617;-0.094749;6
368;1;1;1;0;1.04970260676084;2.37931;1.142857;-1.402788;2.391304;1.929324;-0.120457;5.380952
50;1;1;0;0;1.48579975979703;2.033333;3.294118;2.50631;2.888889;2.12465;0.987053;4.863636
666;1;-1;0;0;0.281162111817053;3.033333;5;-1.646593;2.35;2.387822;1.762095;3.904762
353;0;-1;0;0;-1.34044016491572;2.793103;5.882353;-0.166861;1.6;2.075835;0.122107;4.904762
256;0;-1;0;0;-0.15585071737418;3.862069;4.764706;-2.293046;1.73913;1.954847;-0.547111;5.588235
196;0;1;1;0;-2.28391675876296;2.3;1.809524;-0.26149;1.571429;1.57648;-1.980499;7.176471
566;0;-1;0;0;-0.642266281591752;2.451613;4.772727;-1.937497;2.222222;2.126609;0.340549;4.45
203;0;1;0;0;2.07028205135255;3.655172;2.823529;1.205413;2.095238;1.596591;-1.93599;5.882353
103;0;1;0;0;0.45216736985572;2.615385;1.571429;-0.597166;2.333333;1.838889;-0.61378;5.882353
695;1;1;0;0;1.47819891808773;2.4;2.4;0.583803;2.35;1.793306;-0.814424;3.8
65;1;1;0;0;0.0265548912003981;3.115385;2.047619;0.081252;1.777778;2.047119;0.550043;4.368421
333;1;-1;0;0;-1.08884628495272;3.275862;6.190476;0.245995;1.866667;1.987821;-0.346213;5.227273
353;0;-1;0;0;-1.34044016491572;2.793103;6.235294;0.333836;1.666667;2.031661;-0.094829;4.65
394;1;1;0;0;0.294920966871833;2.357143;1.809524;-0.26149;1.736842;2.230173;1.498501;6.25
568;0;-1;0;0;-0.885473151672496;2.642857;6.454545;0.693569;3.066667;2.053259;0.010285;4.142857
633;0;1;0;0;-2.58792671440596;2.16129;1.272727;-0.999977;2.6;1.746678;-1.088368;7.5
369;1;1;1;0;1.36419541272861;2.310345;2.095238;0.141321;2.157895;2.355134;2.256018;5.857143
